﻿<?xml version="1.0" encoding="utf-8"?>
<TextureAtlas imagePath="NOTE_assets.png">
	<!-- Created with Adobe Animate version 21.0.1.37179 -->
	<!-- http://www.adobe.com/products/animate.html -->
	<SubTexture name="blue0000" x="2" y="2" width="157" height="154"/>
	<SubTexture name="arrowDOWN0000" x="164" y="2" width="157" height="154"/>
	<SubTexture name="down confirm0000" x="326" y="2" width="238" height="235"/>
	<SubTexture name="down confirm0001" x="569" y="2" width="238" height="235"/>
	<SubTexture name="down confirm0002" x="812" y="2" width="220" height="217" frameX="-6" frameY="-12" frameWidth="238" frameHeight="235"/>
	<SubTexture name="down confirm0003" x="1037" y="2" width="220" height="217" frameX="-6" frameY="-12" frameWidth="238" frameHeight="235"/>
	<SubTexture name="down press0000" x="1262" y="2" width="142" height="140" frameX="-4" frameY="-2" frameWidth="149" frameHeight="146"/>
	<SubTexture name="down press0001" x="1409" y="2" width="142" height="140" frameX="-4" frameY="-2" frameWidth="149" frameHeight="146"/>
	<SubTexture name="down press0002" x="1556" y="2" width="149" height="146"/>
	<SubTexture name="down press0003" x="1710" y="2" width="149" height="146"/>
	<SubTexture name="blue hold end0000" x="1864" y="2" width="50" height="64"/>
	<SubTexture name="blue hold piece0000" x="1919" y="2" width="50" height="44"/>
	<SubTexture name="purple0000" x="2" y="242" width="154" height="157"/>
	<SubTexture name="arrowLEFT0000" x="161" y="242" width="154" height="157"/>
	<SubTexture name="left confirm0000" x="320" y="242" width="228" height="231"/>
	<SubTexture name="left confirm0001" x="553" y="242" width="218" height="221" frameX="-5" frameY="-5" frameWidth="228" frameHeight="231"/>
	<SubTexture name="left confirm0002" x="776" y="242" width="225" height="228" frameX="-2" frameY="-1" frameWidth="228" frameHeight="231"/>
	<SubTexture name="left confirm0003" x="1006" y="242" width="225" height="228" frameX="-2" frameY="-1" frameWidth="228" frameHeight="231"/>
	<SubTexture name="left press0000" x="1236" y="242" width="140" height="142" frameX="-3" frameY="-3" frameWidth="146" frameHeight="149"/>
	<SubTexture name="left press0001" x="1381" y="242" width="140" height="142" frameX="-3" frameY="-3" frameWidth="146" frameHeight="149"/>
	<SubTexture name="left press0002" x="1526" y="242" width="146" height="149"/>
	<SubTexture name="left press0003" x="1677" y="242" width="146" height="149"/>
	<SubTexture name="pruple end hold0000" x="1828" y="242" width="50" height="64"/>
	<SubTexture name="purple hold piece0000" x="1883" y="242" width="50" height="44"/>
	<SubTexture name="red0000" x="2" y="478" width="154" height="157"/>
	<SubTexture name="arrowRIGHT0000" x="161" y="478" width="154" height="157"/>
	<SubTexture name="right confirm0000" x="320" y="478" width="223" height="226" frameX="-1" frameY="-3" frameWidth="226" frameHeight="230"/>
	<SubTexture name="right confirm0001" x="548" y="478" width="223" height="226" frameX="-1" frameY="-3" frameWidth="226" frameHeight="230"/>
	<SubTexture name="right confirm0002" x="776" y="478" width="226" height="230"/>
	<SubTexture name="right confirm0003" x="1007" y="478" width="226" height="230"/>
	<SubTexture name="right press0000" x="1238" y="478" width="138" height="141" frameX="-3" frameY="-7" frameWidth="148" frameHeight="151"/>
	<SubTexture name="right press0001" x="1381" y="478" width="138" height="141" frameX="-3" frameY="-7" frameWidth="148" frameHeight="151"/>
	<SubTexture name="right press0002" x="1524" y="478" width="148" height="151"/>
	<SubTexture name="right press0003" x="1677" y="478" width="148" height="151"/>
	<SubTexture name="red hold end0000" x="1830" y="478" width="50" height="64"/>
	<SubTexture name="red hold piece0000" x="1885" y="478" width="50" height="44"/>
	<SubTexture name="green0000" x="2" y="713" width="157" height="154"/>
	<SubTexture name="arrowUP0000" x="164" y="713" width="157" height="154"/>
	<SubTexture name="up confirm0000" x="326" y="713" width="236" height="232"/>
	<SubTexture name="up confirm0001" x="567" y="713" width="236" height="232"/>
	<SubTexture name="up confirm0002" x="808" y="713" width="214" height="211" frameX="-11" frameY="-10" frameWidth="236" frameHeight="232"/>
	<SubTexture name="up confirm0003" x="1027" y="713" width="214" height="211" frameX="-11" frameY="-10" frameWidth="236" frameHeight="232"/>
	<SubTexture name="up press0000" x="1246" y="713" width="144" height="141" frameX="-5" frameY="-4" frameWidth="153" frameHeight="150"/>
	<SubTexture name="up press0001" x="1395" y="713" width="144" height="141" frameX="-5" frameY="-4" frameWidth="153" frameHeight="150"/>
	<SubTexture name="up press0002" x="1544" y="713" width="153" height="150"/>
	<SubTexture name="up press0003" x="1702" y="713" width="153" height="150"/>
	<SubTexture name="green hold end0000" x="1860" y="713" width="50" height="64"/>
	<SubTexture name="green hold piece0000" x="1915" y="713" width="50" height="44"/>
</TextureAtlas>
