<TextureAtlas imagePath="picoSpeaker.png">
<!--  Created with Adobe Animate version 21.0.0.35450  -->
<!--  http://www.adobe.com/products/animate.html  -->
<SubTexture name="Pico shoot 10000" x="6865" y="667" width="899" height="711" frameX="-2" frameY="-80" frameWidth="1178" frameHeight="791"/>
<SubTexture name="Pico shoot 10001" x="2326" y="667" width="901" height="711" frameX="0" frameY="-80" frameWidth="1178" frameHeight="791"/>
<SubTexture name="Pico shoot 10002" x="3604" y="0" width="1066" height="791" frameX="-2" frameY="0" frameWidth="1178" frameHeight="791"/>
<SubTexture name="Pico shoot 10003" x="0" y="0" width="1176" height="791" frameX="-2" frameY="0" frameWidth="1178" frameHeight="791"/>
<SubTexture name="Pico shoot 10004" x="704" y="2074" width="700" height="719" frameX="-2" frameY="-72" frameWidth="1178" frameHeight="791"/>
<SubTexture name="Pico shoot 10005" x="4803" y="1439" width="743" height="711" frameX="-2" frameY="-80" frameWidth="1178" frameHeight="791"/>
<SubTexture name="Pico shoot 10006" x="3231" y="795" width="752" height="752" frameX="-2" frameY="-39" frameWidth="1178" frameHeight="791"/>
<SubTexture name="Pico shoot 10007" x="704" y="2074" width="700" height="719" frameX="-2" frameY="-72" frameWidth="1178" frameHeight="791"/>
<SubTexture name="Pico shoot 10008" x="4803" y="1439" width="743" height="711" frameX="-2" frameY="-80" frameWidth="1178" frameHeight="791"/>
<SubTexture name="Pico shoot 10009" x="3231" y="795" width="752" height="752" frameX="-2" frameY="-39" frameWidth="1178" frameHeight="791"/>
<SubTexture name="Pico shoot 10010" x="704" y="2074" width="700" height="719" frameX="-2" frameY="-72" frameWidth="1178" frameHeight="791"/>
<SubTexture name="Pico shoot 10011" x="4803" y="1439" width="743" height="711" frameX="-2" frameY="-80" frameWidth="1178" frameHeight="791"/>
<SubTexture name="Pico shoot 10012" x="3231" y="795" width="752" height="752" frameX="-2" frameY="-39" frameWidth="1178" frameHeight="791"/>
<SubTexture name="Pico shoot 10013" x="704" y="2074" width="700" height="719" frameX="-2" frameY="-72" frameWidth="1178" frameHeight="791"/>
<SubTexture name="Pico shoot 10014" x="4803" y="1439" width="743" height="711" frameX="-2" frameY="-80" frameWidth="1178" frameHeight="791"/>
<SubTexture name="Pico shoot 10015" x="3231" y="795" width="752" height="752" frameX="-2" frameY="-39" frameWidth="1178" frameHeight="791"/>
<SubTexture name="Pico shoot 10016" x="704" y="2074" width="700" height="719" frameX="-2" frameY="-72" frameWidth="1178" frameHeight="791"/>
<SubTexture name="Pico shoot 10017" x="4803" y="1439" width="743" height="711" frameX="-2" frameY="-80" frameWidth="1178" frameHeight="791"/>
<SubTexture name="Pico shoot 10018" x="3231" y="795" width="752" height="752" frameX="-2" frameY="-39" frameWidth="1178" frameHeight="791"/>
<SubTexture name="Pico shoot 10019" x="704" y="2074" width="700" height="719" frameX="-2" frameY="-72" frameWidth="1178" frameHeight="791"/>
<SubTexture name="Pico shoot 10020" x="4803" y="1439" width="743" height="711" frameX="-2" frameY="-80" frameWidth="1178" frameHeight="791"/>
<SubTexture name="Pico shoot 10021" x="3231" y="795" width="752" height="752" frameX="-2" frameY="-39" frameWidth="1178" frameHeight="791"/>
<SubTexture name="Pico shoot 10022" x="704" y="2074" width="700" height="719" frameX="-2" frameY="-72" frameWidth="1178" frameHeight="791"/>
<SubTexture name="Pico shoot 10023" x="4803" y="1439" width="743" height="711" frameX="-2" frameY="-80" frameWidth="1178" frameHeight="791"/>
<SubTexture name="Pico shoot 10024" x="3231" y="795" width="752" height="752" frameX="-2" frameY="-39" frameWidth="1178" frameHeight="791"/>
<SubTexture name="Pico shoot 10025" x="704" y="2074" width="700" height="719" frameX="-2" frameY="-72" frameWidth="1178" frameHeight="791"/>
<SubTexture name="Pico shoot 20000" x="0" y="795" width="868" height="653" frameX="0" frameY="-10" frameWidth="1276" frameHeight="663"/>
<SubTexture name="Pico shoot 20001" x="2075" y="1382" width="866" height="653" frameX="-2" frameY="-10" frameWidth="1276" frameHeight="663"/>
<SubTexture name="Pico shoot 20002" x="6865" y="0" width="1154" height="663" frameX="-2" frameY="0" frameWidth="1276" frameHeight="663"/>
<SubTexture name="Pico shoot 20003" x="2326" y="0" width="1274" height="663" frameX="-2" frameY="0" frameWidth="1276" frameHeight="663"/>
<SubTexture name="Pico shoot 20004" x="6319" y="2128" width="700" height="663" frameX="-2" frameY="0" frameWidth="1276" frameHeight="663"/>
<SubTexture name="Pico shoot 20005" x="7023" y="2133" width="700" height="663" frameX="-2" frameY="0" frameWidth="1276" frameHeight="663"/>
<SubTexture name="Pico shoot 20006" x="5550" y="2134" width="700" height="663" frameX="-2" frameY="0" frameWidth="1276" frameHeight="663"/>
<SubTexture name="Pico shoot 20007" x="6319" y="2128" width="700" height="663" frameX="-2" frameY="0" frameWidth="1276" frameHeight="663"/>
<SubTexture name="Pico shoot 20008" x="7023" y="2133" width="700" height="663" frameX="-2" frameY="0" frameWidth="1276" frameHeight="663"/>
<SubTexture name="Pico shoot 20009" x="5550" y="2134" width="700" height="663" frameX="-2" frameY="0" frameWidth="1276" frameHeight="663"/>
<SubTexture name="Pico shoot 20010" x="6319" y="2128" width="700" height="663" frameX="-2" frameY="0" frameWidth="1276" frameHeight="663"/>
<SubTexture name="Pico shoot 20011" x="7023" y="2133" width="700" height="663" frameX="-2" frameY="0" frameWidth="1276" frameHeight="663"/>
<SubTexture name="Pico shoot 20012" x="5550" y="2134" width="700" height="663" frameX="-2" frameY="0" frameWidth="1276" frameHeight="663"/>
<SubTexture name="Pico shoot 20013" x="6319" y="2128" width="700" height="663" frameX="-2" frameY="0" frameWidth="1276" frameHeight="663"/>
<SubTexture name="Pico shoot 20014" x="7023" y="2133" width="700" height="663" frameX="-2" frameY="0" frameWidth="1276" frameHeight="663"/>
<SubTexture name="Pico shoot 20015" x="5550" y="2134" width="700" height="663" frameX="-2" frameY="0" frameWidth="1276" frameHeight="663"/>
<SubTexture name="Pico shoot 20016" x="6319" y="2128" width="700" height="663" frameX="-2" frameY="0" frameWidth="1276" frameHeight="663"/>
<SubTexture name="Pico shoot 20017" x="7023" y="2133" width="700" height="663" frameX="-2" frameY="0" frameWidth="1276" frameHeight="663"/>
<SubTexture name="Pico shoot 20018" x="5550" y="2134" width="700" height="663" frameX="-2" frameY="0" frameWidth="1276" frameHeight="663"/>
<SubTexture name="Pico shoot 20019" x="6319" y="2128" width="700" height="663" frameX="-2" frameY="0" frameWidth="1276" frameHeight="663"/>
<SubTexture name="Pico shoot 20020" x="7023" y="2133" width="700" height="663" frameX="-2" frameY="0" frameWidth="1276" frameHeight="663"/>
<SubTexture name="Pico shoot 20021" x="5550" y="2134" width="700" height="663" frameX="-2" frameY="0" frameWidth="1276" frameHeight="663"/>
<SubTexture name="Pico shoot 20022" x="6319" y="2128" width="700" height="663" frameX="-2" frameY="0" frameWidth="1276" frameHeight="663"/>
<SubTexture name="Pico shoot 20023" x="4385" y="2154" width="700" height="663" frameX="-2" frameY="0" frameWidth="1276" frameHeight="663"/>
<SubTexture name="Pico shoot 20024" x="3677" y="2104" width="704" height="663" frameX="0" frameY="0" frameWidth="1276" frameHeight="663"/>
<SubTexture name="Pico shoot 20025" x="0" y="2203" width="700" height="663" frameX="-2" frameY="0" frameWidth="1276" frameHeight="663"/>
<SubTexture name="Pico shoot 20026" x="7023" y="2133" width="700" height="663" frameX="-2" frameY="0" frameWidth="1276" frameHeight="663"/>
<SubTexture name="Pico shoot 20027" x="5550" y="2134" width="700" height="663" frameX="-2" frameY="0" frameWidth="1276" frameHeight="663"/>
<SubTexture name="Pico shoot 20028" x="6319" y="2128" width="700" height="663" frameX="-2" frameY="0" frameWidth="1276" frameHeight="663"/>
<SubTexture name="Pico shoot 20029" x="7023" y="2133" width="700" height="663" frameX="-2" frameY="0" frameWidth="1276" frameHeight="663"/>
<SubTexture name="Pico shoot 20030" x="5550" y="2134" width="700" height="663" frameX="-2" frameY="0" frameWidth="1276" frameHeight="663"/>
<SubTexture name="Pico shoot 20031" x="6319" y="2128" width="700" height="663" frameX="-2" frameY="0" frameWidth="1276" frameHeight="663"/>
<SubTexture name="Pico shoot 20032" x="7023" y="2133" width="700" height="663" frameX="-2" frameY="0" frameWidth="1276" frameHeight="663"/>
<SubTexture name="Pico shoot 20033" x="5550" y="2134" width="700" height="663" frameX="-2" frameY="0" frameWidth="1276" frameHeight="663"/>
<SubTexture name="Pico shoot 20034" x="6319" y="2128" width="700" height="663" frameX="-2" frameY="0" frameWidth="1276" frameHeight="663"/>
<SubTexture name="Pico shoot 20035" x="7023" y="2133" width="700" height="663" frameX="-2" frameY="0" frameWidth="1276" frameHeight="663"/>
<SubTexture name="Pico shoot 20036" x="5550" y="2134" width="700" height="663" frameX="-2" frameY="0" frameWidth="1276" frameHeight="663"/>
<SubTexture name="Pico shoot 20037" x="6319" y="2128" width="700" height="663" frameX="-2" frameY="0" frameWidth="1276" frameHeight="663"/>
<SubTexture name="Pico shoot 20038" x="7023" y="2133" width="700" height="663" frameX="-2" frameY="0" frameWidth="1276" frameHeight="663"/>
<SubTexture name="Pico shoot 20039" x="5550" y="2134" width="700" height="663" frameX="-2" frameY="0" frameWidth="1276" frameHeight="663"/>
<SubTexture name="Pico shoot 20040" x="6319" y="2128" width="700" height="663" frameX="-2" frameY="0" frameWidth="1276" frameHeight="663"/>
<SubTexture name="Pico shoot 20041" x="7023" y="2133" width="700" height="663" frameX="-2" frameY="0" frameWidth="1276" frameHeight="663"/>
<SubTexture name="Pico shoot 20042" x="5550" y="2134" width="700" height="663" frameX="-2" frameY="0" frameWidth="1276" frameHeight="663"/>
<SubTexture name="Pico shoot 20043" x="6319" y="2128" width="700" height="663" frameX="-2" frameY="0" frameWidth="1276" frameHeight="663"/>
<SubTexture name="Pico shoot 20044" x="7023" y="2133" width="700" height="663" frameX="-2" frameY="0" frameWidth="1276" frameHeight="663"/>
<SubTexture name="Pico shoot 20045" x="5550" y="2134" width="700" height="663" frameX="-2" frameY="0" frameWidth="1276" frameHeight="663"/>
<SubTexture name="Pico shoot 20046" x="6319" y="2128" width="700" height="663" frameX="-2" frameY="0" frameWidth="1276" frameHeight="663"/>
<SubTexture name="Pico shoot 20047" x="4385" y="2154" width="700" height="663" frameX="-2" frameY="0" frameWidth="1276" frameHeight="663"/>
<SubTexture name="Pico shoot 20048" x="3677" y="2104" width="704" height="663" frameX="0" frameY="0" frameWidth="1276" frameHeight="663"/>
<SubTexture name="Pico shoot 20049" x="0" y="2203" width="700" height="663" frameX="-2" frameY="0" frameWidth="1276" frameHeight="663"/>
<SubTexture name="Pico shoot 20050" x="7023" y="2133" width="700" height="663" frameX="-2" frameY="0" frameWidth="1276" frameHeight="663"/>
<SubTexture name="Pico shoot 20051" x="5550" y="2134" width="700" height="663" frameX="-2" frameY="0" frameWidth="1276" frameHeight="663"/>
<SubTexture name="Pico shoot 20052" x="6319" y="2128" width="700" height="663" frameX="-2" frameY="0" frameWidth="1276" frameHeight="663"/>
<SubTexture name="Pico shoot 20053" x="7023" y="2133" width="700" height="663" frameX="-2" frameY="0" frameWidth="1276" frameHeight="663"/>
<SubTexture name="Pico shoot 20054" x="5550" y="2134" width="700" height="663" frameX="-2" frameY="0" frameWidth="1276" frameHeight="663"/>
<SubTexture name="Pico shoot 20055" x="6319" y="2128" width="700" height="663" frameX="-2" frameY="0" frameWidth="1276" frameHeight="663"/>
<SubTexture name="Pico shoot 20056" x="7023" y="2133" width="700" height="663" frameX="-2" frameY="0" frameWidth="1276" frameHeight="663"/>
<SubTexture name="Pico shoot 20057" x="5550" y="2134" width="700" height="663" frameX="-2" frameY="0" frameWidth="1276" frameHeight="663"/>
<SubTexture name="Pico shoot 20058" x="6319" y="2128" width="700" height="663" frameX="-2" frameY="0" frameWidth="1276" frameHeight="663"/>
<SubTexture name="Pico shoot 20059" x="7023" y="2133" width="700" height="663" frameX="-2" frameY="0" frameWidth="1276" frameHeight="663"/>
<SubTexture name="Pico shoot 30000" x="872" y="1409" width="814" height="661" frameX="-303" frameY="-66" frameWidth="1117" frameHeight="727"/>
<SubTexture name="Pico shoot 30001" x="3987" y="1439" width="812" height="661" frameX="-303" frameY="-66" frameWidth="1117" frameHeight="727"/>
<SubTexture name="Pico shoot 30002" x="5746" y="731" width="952" height="653" frameX="-163" frameY="-74" frameWidth="1117" frameHeight="727"/>
<SubTexture name="Pico shoot 30003" x="5746" y="0" width="1115" height="727" frameX="0" frameY="0" frameWidth="1117" frameHeight="727"/>
<SubTexture name="Pico shoot 30004" x="1408" y="2754" width="700" height="653" frameX="-415" frameY="-74" frameWidth="1117" frameHeight="727"/>
<SubTexture name="Pico shoot 30005" x="3130" y="2771" width="700" height="653" frameX="-415" frameY="-74" frameWidth="1117" frameHeight="727"/>
<SubTexture name="Pico shoot 30006" x="6254" y="2795" width="700" height="653" frameX="-415" frameY="-74" frameWidth="1117" frameHeight="727"/>
<SubTexture name="Pico shoot 30007" x="1408" y="2754" width="700" height="653" frameX="-415" frameY="-74" frameWidth="1117" frameHeight="727"/>
<SubTexture name="Pico shoot 30008" x="3130" y="2771" width="700" height="653" frameX="-415" frameY="-74" frameWidth="1117" frameHeight="727"/>
<SubTexture name="Pico shoot 30009" x="6254" y="2795" width="700" height="653" frameX="-415" frameY="-74" frameWidth="1117" frameHeight="727"/>
<SubTexture name="Pico shoot 30010" x="1408" y="2754" width="700" height="653" frameX="-415" frameY="-74" frameWidth="1117" frameHeight="727"/>
<SubTexture name="Pico shoot 30011" x="3130" y="2771" width="700" height="653" frameX="-415" frameY="-74" frameWidth="1117" frameHeight="727"/>
<SubTexture name="Pico shoot 30012" x="6254" y="2795" width="700" height="653" frameX="-415" frameY="-74" frameWidth="1117" frameHeight="727"/>
<SubTexture name="Pico shoot 30013" x="1408" y="2754" width="700" height="653" frameX="-415" frameY="-74" frameWidth="1117" frameHeight="727"/>
<SubTexture name="Pico shoot 30014" x="3130" y="2771" width="700" height="653" frameX="-415" frameY="-74" frameWidth="1117" frameHeight="727"/>
<SubTexture name="Pico shoot 30015" x="6254" y="2795" width="700" height="653" frameX="-415" frameY="-74" frameWidth="1117" frameHeight="727"/>
<SubTexture name="Pico shoot 30016" x="1408" y="2754" width="700" height="653" frameX="-415" frameY="-74" frameWidth="1117" frameHeight="727"/>
<SubTexture name="Pico shoot 30017" x="3130" y="2771" width="700" height="653" frameX="-415" frameY="-74" frameWidth="1117" frameHeight="727"/>
<SubTexture name="Pico shoot 30018" x="6254" y="2795" width="700" height="653" frameX="-415" frameY="-74" frameWidth="1117" frameHeight="727"/>
<SubTexture name="Pico shoot 30019" x="1408" y="2754" width="700" height="653" frameX="-415" frameY="-74" frameWidth="1117" frameHeight="727"/>
<SubTexture name="Pico shoot 30020" x="3130" y="2771" width="700" height="653" frameX="-415" frameY="-74" frameWidth="1117" frameHeight="727"/>
<SubTexture name="Pico shoot 30021" x="6254" y="2795" width="700" height="653" frameX="-415" frameY="-74" frameWidth="1117" frameHeight="727"/>
<SubTexture name="Pico shoot 30022" x="1408" y="2754" width="700" height="653" frameX="-415" frameY="-74" frameWidth="1117" frameHeight="727"/>
<SubTexture name="Pico shoot 30023" x="704" y="2797" width="700" height="653" frameX="-415" frameY="-74" frameWidth="1117" frameHeight="727"/>
<SubTexture name="Pico shoot 30024" x="2422" y="2266" width="704" height="653" frameX="-413" frameY="-74" frameWidth="1117" frameHeight="727"/>
<SubTexture name="Pico shoot 30025" x="6958" y="2800" width="700" height="653" frameX="-415" frameY="-74" frameWidth="1117" frameHeight="727"/>
<SubTexture name="Pico shoot 30026" x="3130" y="2771" width="700" height="653" frameX="-415" frameY="-74" frameWidth="1117" frameHeight="727"/>
<SubTexture name="Pico shoot 30027" x="6254" y="2795" width="700" height="653" frameX="-415" frameY="-74" frameWidth="1117" frameHeight="727"/>
<SubTexture name="Pico shoot 30028" x="1408" y="2754" width="700" height="653" frameX="-415" frameY="-74" frameWidth="1117" frameHeight="727"/>
<SubTexture name="Pico shoot 30029" x="3130" y="2771" width="700" height="653" frameX="-415" frameY="-74" frameWidth="1117" frameHeight="727"/>
<SubTexture name="Pico shoot 30030" x="6254" y="2795" width="700" height="653" frameX="-415" frameY="-74" frameWidth="1117" frameHeight="727"/>
<SubTexture name="Pico shoot 30031" x="1408" y="2754" width="700" height="653" frameX="-415" frameY="-74" frameWidth="1117" frameHeight="727"/>
<SubTexture name="Pico shoot 30032" x="3130" y="2771" width="700" height="653" frameX="-415" frameY="-74" frameWidth="1117" frameHeight="727"/>
<SubTexture name="Pico shoot 30033" x="6254" y="2795" width="700" height="653" frameX="-415" frameY="-74" frameWidth="1117" frameHeight="727"/>
<SubTexture name="Pico shoot 30034" x="1408" y="2754" width="700" height="653" frameX="-415" frameY="-74" frameWidth="1117" frameHeight="727"/>
<SubTexture name="Pico shoot 30035" x="3130" y="2771" width="700" height="653" frameX="-415" frameY="-74" frameWidth="1117" frameHeight="727"/>
<SubTexture name="Pico shoot 30036" x="6254" y="2795" width="700" height="653" frameX="-415" frameY="-74" frameWidth="1117" frameHeight="727"/>
<SubTexture name="Pico shoot 30037" x="1408" y="2754" width="700" height="653" frameX="-415" frameY="-74" frameWidth="1117" frameHeight="727"/>
<SubTexture name="Pico shoot 30038" x="3130" y="2771" width="700" height="653" frameX="-415" frameY="-74" frameWidth="1117" frameHeight="727"/>
<SubTexture name="Pico shoot 30039" x="6254" y="2795" width="700" height="653" frameX="-415" frameY="-74" frameWidth="1117" frameHeight="727"/>
<SubTexture name="Pico shoot 30040" x="1408" y="2754" width="700" height="653" frameX="-415" frameY="-74" frameWidth="1117" frameHeight="727"/>
<SubTexture name="Pico shoot 30041" x="3130" y="2771" width="700" height="653" frameX="-415" frameY="-74" frameWidth="1117" frameHeight="727"/>
<SubTexture name="Pico shoot 30042" x="6254" y="2795" width="700" height="653" frameX="-415" frameY="-74" frameWidth="1117" frameHeight="727"/>
<SubTexture name="Pico shoot 30043" x="1408" y="2754" width="700" height="653" frameX="-415" frameY="-74" frameWidth="1117" frameHeight="727"/>
<SubTexture name="Pico shoot 30044" x="3130" y="2771" width="700" height="653" frameX="-415" frameY="-74" frameWidth="1117" frameHeight="727"/>
<SubTexture name="Pico shoot 30045" x="6254" y="2795" width="700" height="653" frameX="-415" frameY="-74" frameWidth="1117" frameHeight="727"/>
<SubTexture name="Pico shoot 30046" x="1408" y="2754" width="700" height="653" frameX="-415" frameY="-74" frameWidth="1117" frameHeight="727"/>
<SubTexture name="Pico shoot 30047" x="704" y="2797" width="700" height="653" frameX="-415" frameY="-74" frameWidth="1117" frameHeight="727"/>
<SubTexture name="Pico shoot 30048" x="2422" y="2266" width="704" height="653" frameX="-413" frameY="-74" frameWidth="1117" frameHeight="727"/>
<SubTexture name="Pico shoot 30049" x="6958" y="2800" width="700" height="653" frameX="-415" frameY="-74" frameWidth="1117" frameHeight="727"/>
<SubTexture name="Pico shoot 30050" x="3130" y="2771" width="700" height="653" frameX="-415" frameY="-74" frameWidth="1117" frameHeight="727"/>
<SubTexture name="Pico shoot 30051" x="6254" y="2795" width="700" height="653" frameX="-415" frameY="-74" frameWidth="1117" frameHeight="727"/>
<SubTexture name="Pico shoot 30052" x="1408" y="2754" width="700" height="653" frameX="-415" frameY="-74" frameWidth="1117" frameHeight="727"/>
<SubTexture name="Pico shoot 40000" x="1180" y="746" width="891" height="659" frameX="-253" frameY="-113" frameWidth="1144" frameHeight="772"/>
<SubTexture name="Pico shoot 40001" x="4674" y="776" width="889" height="659" frameX="-253" frameY="-113" frameWidth="1144" frameHeight="772"/>
<SubTexture name="Pico shoot 40002" x="4674" y="0" width="1068" height="772" frameX="-74" frameY="0" frameWidth="1144" frameHeight="772"/>
<SubTexture name="Pico shoot 40003" x="1180" y="0" width="1142" height="742" frameX="0" frameY="-30" frameWidth="1144" frameHeight="772"/>
<SubTexture name="Pico shoot 40004" x="7456" y="1382" width="700" height="747" frameX="-442" frameY="-25" frameWidth="1144" frameHeight="772"/>
<SubTexture name="Pico shoot 40005" x="2945" y="1551" width="728" height="711" frameX="-414" frameY="-61" frameWidth="1144" frameHeight="772"/>
<SubTexture name="Pico shoot 40006" x="5567" y="1388" width="748" height="742" frameX="-394" frameY="-30" frameWidth="1144" frameHeight="772"/>
<SubTexture name="Pico shoot 40007" x="7456" y="1382" width="700" height="747" frameX="-442" frameY="-25" frameWidth="1144" frameHeight="772"/>
<SubTexture name="Pico shoot 40008" x="2945" y="1551" width="728" height="711" frameX="-414" frameY="-61" frameWidth="1144" frameHeight="772"/>
<SubTexture name="Pico shoot 40009" x="5567" y="1388" width="748" height="742" frameX="-394" frameY="-30" frameWidth="1144" frameHeight="772"/>
<SubTexture name="Pico shoot 40010" x="7456" y="1382" width="700" height="747" frameX="-442" frameY="-25" frameWidth="1144" frameHeight="772"/>
<SubTexture name="Pico shoot 40011" x="2945" y="1551" width="728" height="711" frameX="-414" frameY="-61" frameWidth="1144" frameHeight="772"/>
<SubTexture name="Pico shoot 40012" x="5567" y="1388" width="748" height="742" frameX="-394" frameY="-30" frameWidth="1144" frameHeight="772"/>
<SubTexture name="Pico shoot 40013" x="7456" y="1382" width="700" height="747" frameX="-442" frameY="-25" frameWidth="1144" frameHeight="772"/>
<SubTexture name="Pico shoot 40014" x="2945" y="1551" width="728" height="711" frameX="-414" frameY="-61" frameWidth="1144" frameHeight="772"/>
<SubTexture name="Pico shoot 40015" x="5567" y="1388" width="748" height="742" frameX="-394" frameY="-30" frameWidth="1144" frameHeight="772"/>
<SubTexture name="Pico shoot 40016" x="7456" y="1382" width="700" height="747" frameX="-442" frameY="-25" frameWidth="1144" frameHeight="772"/>
<SubTexture name="Pico shoot 40017" x="2945" y="1551" width="728" height="711" frameX="-414" frameY="-61" frameWidth="1144" frameHeight="772"/>
<SubTexture name="Pico shoot 40018" x="5567" y="1388" width="748" height="742" frameX="-394" frameY="-30" frameWidth="1144" frameHeight="772"/>
<SubTexture name="Pico shoot 40019" x="7456" y="1382" width="700" height="747" frameX="-442" frameY="-25" frameWidth="1144" frameHeight="772"/>
<SubTexture name="Pico shoot 40020" x="2945" y="1551" width="728" height="711" frameX="-414" frameY="-61" frameWidth="1144" frameHeight="772"/>
<SubTexture name="Pico shoot 40021" x="5567" y="1388" width="748" height="742" frameX="-394" frameY="-30" frameWidth="1144" frameHeight="772"/>
<SubTexture name="Pico shoot 40022" x="7456" y="1382" width="700" height="747" frameX="-442" frameY="-25" frameWidth="1144" frameHeight="772"/>
<SubTexture name="Pico shoot 40023" x="1690" y="2039" width="728" height="711" frameX="-414" frameY="-61" frameWidth="1144" frameHeight="772"/>
<SubTexture name="Pico shoot 40024" x="6702" y="1382" width="750" height="742" frameX="-394" frameY="-30" frameWidth="1144" frameHeight="772"/>
<SubTexture name="Pico shoot 40025" x="0" y="1452" width="700" height="747" frameX="-442" frameY="-25" frameWidth="1144" frameHeight="772"/>
<SubTexture name="Pico shoot 40026" x="2945" y="1551" width="728" height="711" frameX="-414" frameY="-61" frameWidth="1144" frameHeight="772"/>
<SubTexture name="Pico shoot 40027" x="5567" y="1388" width="748" height="742" frameX="-394" frameY="-30" frameWidth="1144" frameHeight="772"/>
<SubTexture name="Pico shoot 40028" x="7456" y="1382" width="700" height="747" frameX="-442" frameY="-25" frameWidth="1144" frameHeight="772"/>
<SubTexture name="Pico shoot 40029" x="2945" y="1551" width="728" height="711" frameX="-414" frameY="-61" frameWidth="1144" frameHeight="772"/>
<SubTexture name="Pico shoot 40030" x="5567" y="1388" width="748" height="742" frameX="-394" frameY="-30" frameWidth="1144" frameHeight="772"/>
<SubTexture name="Pico shoot 40031" x="7456" y="1382" width="700" height="747" frameX="-442" frameY="-25" frameWidth="1144" frameHeight="772"/>
<SubTexture name="Pico shoot 40032" x="2945" y="1551" width="728" height="711" frameX="-414" frameY="-61" frameWidth="1144" frameHeight="772"/>
<SubTexture name="Pico shoot 40033" x="5567" y="1388" width="748" height="742" frameX="-394" frameY="-30" frameWidth="1144" frameHeight="772"/>
<SubTexture name="Pico shoot 40034" x="7456" y="1382" width="700" height="747" frameX="-442" frameY="-25" frameWidth="1144" frameHeight="772"/>
<SubTexture name="Pico shoot 40035" x="2945" y="1551" width="728" height="711" frameX="-414" frameY="-61" frameWidth="1144" frameHeight="772"/>
<SubTexture name="Pico shoot 40036" x="5567" y="1388" width="748" height="742" frameX="-394" frameY="-30" frameWidth="1144" frameHeight="772"/>
<SubTexture name="Pico shoot 40037" x="7456" y="1382" width="700" height="747" frameX="-442" frameY="-25" frameWidth="1144" frameHeight="772"/>
<SubTexture name="Pico shoot 40038" x="2945" y="1551" width="728" height="711" frameX="-414" frameY="-61" frameWidth="1144" frameHeight="772"/>
<SubTexture name="Pico shoot 40039" x="5567" y="1388" width="748" height="742" frameX="-394" frameY="-30" frameWidth="1144" frameHeight="772"/>
<SubTexture name="Pico shoot 40040" x="7456" y="1382" width="700" height="747" frameX="-442" frameY="-25" frameWidth="1144" frameHeight="772"/>
<SubTexture name="Pico shoot 40041" x="2945" y="1551" width="728" height="711" frameX="-414" frameY="-61" frameWidth="1144" frameHeight="772"/>
<SubTexture name="Pico shoot 40042" x="5567" y="1388" width="748" height="742" frameX="-394" frameY="-30" frameWidth="1144" frameHeight="772"/>
<SubTexture name="Pico shoot 40043" x="7456" y="1382" width="700" height="747" frameX="-442" frameY="-25" frameWidth="1144" frameHeight="772"/>
<SubTexture name="Pico shoot 40044" x="2945" y="1551" width="728" height="711" frameX="-414" frameY="-61" frameWidth="1144" frameHeight="772"/>
<SubTexture name="Pico shoot 40045" x="5567" y="1388" width="748" height="742" frameX="-394" frameY="-30" frameWidth="1144" frameHeight="772"/>
<SubTexture name="Pico shoot 40046" x="7456" y="1382" width="700" height="747" frameX="-442" frameY="-25" frameWidth="1144" frameHeight="772"/>
<SubTexture name="Pico shoot 40047" x="1690" y="2039" width="728" height="711" frameX="-414" frameY="-61" frameWidth="1144" frameHeight="772"/>
<SubTexture name="Pico shoot 40048" x="6702" y="1382" width="750" height="742" frameX="-394" frameY="-30" frameWidth="1144" frameHeight="772"/>
<SubTexture name="Pico shoot 40049" x="0" y="1452" width="700" height="747" frameX="-442" frameY="-25" frameWidth="1144" frameHeight="772"/>
<SubTexture name="Pico shoot 40050" x="2945" y="1551" width="728" height="711" frameX="-414" frameY="-61" frameWidth="1144" frameHeight="772"/>
<SubTexture name="Pico shoot 40051" x="5567" y="1388" width="748" height="742" frameX="-394" frameY="-30" frameWidth="1144" frameHeight="772"/>
<SubTexture name="Pico shoot 40052" x="7456" y="1382" width="700" height="747" frameX="-442" frameY="-25" frameWidth="1144" frameHeight="772"/>
</TextureAtlas>