{"notes":[{"sectionNotes":[],"lengthInSteps":16,"typeOfSection":0,"mustHitSection":true},{"sectionNotes":[],"lengthInSteps":16,"typeOfSection":0,"mustHitSection":true},{"sectionNotes":[],"lengthInSteps":16,"typeOfSection":0,"mustHitSection":true},{"sectionNotes":[],"lengthInSteps":16,"typeOfSection":0,"mustHitSection":true},{"sectionNotes":[[6400,0,0],[6800,3,0],[7200,3,0],[7600,2,0]],"lengthInSteps":16,"typeOfSection":0,"mustHitSection":false},{"sectionNotes":[[8000,1,0],[8400,3,0],[9400,3,0],[8800,2,0],[9200,0,0]],"lengthInSteps":16,"typeOfSection":0,"mustHitSection":false},{"sectionNotes":[[9600,0,0],[10000,3,0],[10400,3,0],[10800,2,0]],"lengthInSteps":16,"typeOfSection":0,"mustHitSection":true},{"sectionNotes":[[11200,1,0],[11600,3,0],[12000,2,0],[12400,0,0],[12600,0,0]],"lengthInSteps":16,"typeOfSection":0,"mustHitSection":true},{"sectionNotes":[[12800,2,0],[13200,0,0],[13600,2,0],[14000,0,0]],"lengthInSteps":16,"typeOfSection":0,"mustHitSection":false},{"sectionNotes":[[14400,1,0],[14800,3,0],[15200,1,0],[15600,2,0]],"lengthInSteps":16,"typeOfSection":0,"mustHitSection":false},{"sectionNotes":[[16000,2,0],[16400,0,0],[16800,2,0],[17200,0,0]],"lengthInSteps":16,"typeOfSection":0,"mustHitSection":true},{"sectionNotes":[[17600,1,0],[18000,3,0],[18400,1,0],[18800,2,0],[18800,4,0]],"lengthInSteps":16,"typeOfSection":0,"mustHitSection":true},{"sectionNotes":[[20000,3,0],[20600,3,0],[19200,2,0],[19600,3,0],[20300,3,0],[19400,0,0]],"lengthInSteps":16,"typeOfSection":0,"mustHitSection":false},{"sectionNotes":[[20800,2,0],[21900,1,0],[22200,3,0],[21000,3,0],[21200,0,0],[21600,0,0]],"lengthInSteps":16,"typeOfSection":0,"mustHitSection":false},{"sectionNotes":[[23200,3,0],[23800,3,0],[22400,2,0],[22800,3,0],[23500,3,0],[22600,0,0]],"lengthInSteps":16,"typeOfSection":0,"mustHitSection":false},{"sectionNotes":[[24000,2,0],[25200,2,0],[24800,1,0],[25200,4,0],[24200,3,0],[24400,0,0]],"lengthInSteps":16,"typeOfSection":0,"mustHitSection":false},{"sectionNotes":[[26400,3,0],[27000,3,0],[25600,2,0],[26000,3,0],[26700,3,0],[25800,0,0]],"lengthInSteps":16,"typeOfSection":0,"mustHitSection":true},{"sectionNotes":[[27200,2,0],[28600,3,0],[28400,1,0],[27400,3,0],[27600,0,0],[28000,0,0]],"lengthInSteps":16,"typeOfSection":0,"mustHitSection":true},{"sectionNotes":[[29600,3,0],[30200,3,0],[28800,2,0],[29200,3,0],[29900,3,0],[29000,0,0]],"lengthInSteps":16,"typeOfSection":0,"mustHitSection":true},{"sectionNotes":[[30400,2,0],[31600,2,0],[31200,1,0],[31600,4,0],[30600,3,0],[30800,0,0]],"lengthInSteps":16,"typeOfSection":0,"mustHitSection":true},{"sectionNotes":[[32000,0,0],[32400,3,0],[32800,3,0],[33200,2,0]],"lengthInSteps":16,"typeOfSection":0,"mustHitSection":false},{"sectionNotes":[[33600,1,0],[34000,3,0],[34400,2,0],[34800,0,0],[35000,3,0]],"lengthInSteps":16,"typeOfSection":0,"mustHitSection":false},{"sectionNotes":[[35200,0,0],[35600,3,0],[36000,3,0],[36400,2,0]],"lengthInSteps":16,"typeOfSection":0,"mustHitSection":true},{"sectionNotes":[[36800,1,0],[37200,3,0],[37600,2,0],[38000,0,0],[38200,3,0]],"lengthInSteps":16,"typeOfSection":0,"mustHitSection":true},{"sectionNotes":[[38400,2,0],[38800,0,0],[39000,0,0],[39400,3,0],[39200,3,0],[39600,2,0]],"lengthInSteps":16,"typeOfSection":0,"mustHitSection":false},{"sectionNotes":[[40000,1,0],[40400,3,0],[40600,3,0],[41200,2,0],[41000,0,0],[40800,0,0]],"lengthInSteps":16,"typeOfSection":0,"mustHitSection":false},{"sectionNotes":[[41600,2,0],[42000,0,0],[42200,0,0],[42600,3,0],[42400,3,0],[42800,2,0]],"lengthInSteps":16,"typeOfSection":0,"mustHitSection":true},{"sectionNotes":[[43200,1,0],[43800,3,0],[44000,0,0],[44200,0,0],[44400,2,0],[44400,4,0],[44600,7,0],[43600,3,0]],"lengthInSteps":16,"typeOfSection":0,"mustHitSection":true},{"sectionNotes":[[45600,3,0],[46200,3,0],[44800,2,0],[45000,1,0],[45200,3,0],[45900,3,0]],"lengthInSteps":16,"typeOfSection":0,"mustHitSection":false},{"sectionNotes":[[46400,2,0],[46600,0,0],[46800,3,0],[47800,3,0],[47200,1,0],[47400,2,0],[47600,0,0]],"lengthInSteps":16,"typeOfSection":0,"mustHitSection":false},{"sectionNotes":[[48800,3,0],[49400,3,0],[48000,2,0],[48200,1,0],[48400,3,0],[49100,3,0]],"lengthInSteps":16,"typeOfSection":0,"mustHitSection":false},{"sectionNotes":[[49600,2,0],[50800,2,0],[50000,3,0],[50400,1,0],[50800,4,0],[49800,0,0],[51000,7,0]],"lengthInSteps":16,"typeOfSection":0,"mustHitSection":false},{"sectionNotes":[[52000,3,0],[52600,3,0],[51200,2,0],[51400,1,0],[51600,3,0],[52300,3,0]],"lengthInSteps":16,"typeOfSection":0,"mustHitSection":true},{"sectionNotes":[[52800,2,0],[53000,0,0],[53200,3,0],[54200,3,0],[53600,1,0],[53800,2,0],[54000,0,0]],"lengthInSteps":16,"typeOfSection":0,"mustHitSection":true},{"sectionNotes":[[55200,3,0],[55800,3,0],[54400,2,0],[54600,1,0],[54800,3,0],[55500,3,0]],"lengthInSteps":16,"typeOfSection":0,"mustHitSection":true},{"sectionNotes":[[56000,2,0],[56400,3,0],[56800,1,0],[56200,0,0]],"lengthInSteps":16,"typeOfSection":0,"mustHitSection":true},{"sectionNotes":[[57600,2,300],[58000,1,300],[58400,3,300],[58800,1,300]],"lengthInSteps":16,"typeOfSection":0,"mustHitSection":false},{"sectionNotes":[[60000,1,300],[59200,2,300],[59600,3,300],[60400,0,300]],"lengthInSteps":16,"typeOfSection":0,"mustHitSection":false},{"sectionNotes":[[61800,3,0],[60800,0,0],[61200,0,0],[62000,1,0]],"lengthInSteps":16,"typeOfSection":0,"mustHitSection":false},{"sectionNotes":[[63400,3,0],[62400,0,0],[62800,0,0],[63600,1,0]],"lengthInSteps":16,"typeOfSection":0,"mustHitSection":false},{"sectionNotes":[[64000,2,300],[64400,1,300],[64800,3,300],[65200,1,300]],"lengthInSteps":16,"typeOfSection":0,"mustHitSection":true},{"typeOfSection":0,"sectionNotes":[[66400,1,300],[65600,2,300],[66000,3,300],[66800,0,300]],"lengthInSteps":16,"bpm":150,"changeBPM":false,"mustHitSection":true},{"typeOfSection":0,"sectionNotes":[[68200,3,0],[67200,0,0],[67600,0,0],[68400,1,0]],"lengthInSteps":16,"bpm":150,"changeBPM":false,"mustHitSection":true},{"typeOfSection":0,"sectionNotes":[[69800,3,0],[69200,0,0],[68800,0,0],[70000,1,0],[68800,4,300],[69200,5,300],[69600,7,300],[70000,5,300]],"lengthInSteps":16,"bpm":150,"changeBPM":false,"mustHitSection":true},{"typeOfSection":0,"sectionNotes":[[70400,2,0],[71000,2,0],[71400,3,0],[71600,1,0],[70600,3,0]],"lengthInSteps":16,"bpm":150,"changeBPM":false,"mustHitSection":false},{"typeOfSection":0,"sectionNotes":[[72000,2,0],[72600,2,0],[73000,3,0],[72200,3,0],[73200,1,0]],"lengthInSteps":16,"bpm":150,"changeBPM":false,"mustHitSection":false},{"typeOfSection":0,"sectionNotes":[[73600,2,0],[74600,3,0],[73800,3,0],[74200,2,0],[74800,1,0],[75000,0,0]],"lengthInSteps":16,"bpm":150,"changeBPM":false,"mustHitSection":false},{"typeOfSection":0,"sectionNotes":[[75200,2,0],[75800,2,0],[76200,3,0],[75200,4,300],[75600,5,300],[76000,7,300],[75400,3,0],[76400,1,0],[76400,5,300]],"lengthInSteps":16,"bpm":157,"changeBPM":false,"mustHitSection":false},{"typeOfSection":0,"sectionNotes":[[76800,2,0],[77400,2,0],[77800,3,0],[78000,1,0],[77000,3,0]],"lengthInSteps":16,"bpm":150,"changeBPM":false,"mustHitSection":true},{"typeOfSection":0,"sectionNotes":[[78400,2,0],[79000,2,0],[79400,3,0],[78600,3,0],[79600,1,0]],"lengthInSteps":16,"bpm":150,"changeBPM":false,"mustHitSection":true},{"typeOfSection":0,"sectionNotes":[[80000,2,0],[81000,3,0],[80200,3,0],[80600,2,0],[81200,1,0],[81400,0,0]],"lengthInSteps":16,"bpm":150,"changeBPM":false,"mustHitSection":true},{"typeOfSection":0,"sectionNotes":[[81600,2,0],[82200,2,0],[82600,3,0],[81600,4,300],[82000,5,300],[82400,7,300],[81800,3,0],[82800,1,0],[82800,5,300]],"lengthInSteps":16,"bpm":150,"changeBPM":false,"mustHitSection":true},{"typeOfSection":0,"sectionNotes":[[83200,2,0],[83800,2,0],[84200,3,0],[84400,1,0],[83400,3,0]],"lengthInSteps":16,"bpm":150,"changeBPM":false,"mustHitSection":false},{"typeOfSection":0,"sectionNotes":[[84800,2,0],[85400,2,0],[85800,3,0],[85000,3,0],[86000,1,0]],"lengthInSteps":16,"bpm":150,"changeBPM":false,"mustHitSection":false},{"typeOfSection":0,"sectionNotes":[[86400,2,0],[87400,3,0],[86600,3,0],[87000,2,0],[87600,1,0],[87800,0,0]],"lengthInSteps":16,"bpm":150,"changeBPM":false,"mustHitSection":false},{"typeOfSection":0,"sectionNotes":[[88000,2,0],[88600,2,0],[89000,3,0],[88000,4,300],[88400,5,300],[88800,7,300],[88200,3,0],[89200,1,0],[89200,5,300]],"lengthInSteps":16,"bpm":150,"changeBPM":false,"mustHitSection":false},{"typeOfSection":0,"sectionNotes":[[89600,2,0],[90200,2,0],[90600,3,0],[90800,1,0],[89800,3,0]],"lengthInSteps":16,"bpm":150,"changeBPM":false,"mustHitSection":true},{"typeOfSection":0,"sectionNotes":[[91200,2,0],[91800,2,0],[92200,3,0],[91400,3,0],[92400,1,0]],"lengthInSteps":16,"bpm":150,"changeBPM":false,"mustHitSection":true},{"typeOfSection":0,"sectionNotes":[[92800,2,0],[93800,3,0],[93000,3,0],[93400,2,0],[94000,1,0],[94200,0,0]],"lengthInSteps":16,"bpm":150,"changeBPM":false,"mustHitSection":true},{"typeOfSection":0,"sectionNotes":[[94400,2,0],[95000,2,0],[95400,3,0],[94600,3,0],[95600,1,0]],"lengthInSteps":16,"bpm":150,"changeBPM":false,"mustHitSection":true},{"typeOfSection":0,"sectionNotes":[],"lengthInSteps":16,"bpm":150,"changeBPM":false,"mustHitSection":true},{"typeOfSection":0,"sectionNotes":[],"lengthInSteps":16,"bpm":150,"changeBPM":false,"mustHitSection":true},{"typeOfSection":0,"sectionNotes":[],"lengthInSteps":16,"bpm":150,"changeBPM":false,"mustHitSection":true},{"typeOfSection":0,"sectionNotes":[],"lengthInSteps":16,"bpm":150,"changeBPM":false,"mustHitSection":true},{"typeOfSection":0,"sectionNotes":[],"lengthInSteps":16,"bpm":150,"changeBPM":false,"mustHitSection":true},{"typeOfSection":0,"sectionNotes":[],"lengthInSteps":16,"bpm":150,"changeBPM":false,"mustHitSection":true},{"lengthInSteps":16,"typeOfSection":0,"sectionNotes":[],"altAnim":false,"bpm":150,"changeBPM":false,"mustHitSection":true},{"lengthInSteps":16,"typeOfSection":0,"sectionNotes":[],"altAnim":false,"bpm":150,"changeBPM":false,"mustHitSection":true},{"lengthInSteps":16,"typeOfSection":0,"sectionNotes":[],"altAnim":false,"bpm":150,"changeBPM":false,"mustHitSection":true},{"sectionNotes":[],"typeOfSection":0,"lengthInSteps":16,"altAnim":false,"mustHitSection":true,"changeBPM":false,"bpm":150},{"lengthInSteps":16,"altAnim":false,"typeOfSection":0,"sectionNotes":[],"bpm":150,"changeBPM":false,"mustHitSection":true},{"lengthInSteps":16,"altAnim":false,"typeOfSection":0,"sectionNotes":[],"bpm":150,"changeBPM":false,"mustHitSection":true}],"sections":72,"bpm":150,"song":{"sectionLengths":[],"player1":"bf","player2":"spooky","notes":[{"sectionNotes":[],"lengthInSteps":16,"typeOfSection":0,"mustHitSection":true},{"sectionNotes":[],"lengthInSteps":16,"typeOfSection":0,"mustHitSection":true},{"sectionNotes":[],"lengthInSteps":16,"typeOfSection":0,"mustHitSection":true},{"sectionNotes":[],"lengthInSteps":16,"typeOfSection":0,"mustHitSection":true},{"sectionNotes":[[6400,0,0],[6800,3,0],[7200,3,0],[7600,2,0]],"lengthInSteps":16,"typeOfSection":0,"mustHitSection":false},{"sectionNotes":[[8000,1,0],[8400,3,0],[9400,3,0],[8800,2,0],[9200,0,0]],"lengthInSteps":16,"typeOfSection":0,"mustHitSection":false},{"sectionNotes":[[9600,0,0],[10000,3,0],[10400,3,0],[10800,2,0]],"lengthInSteps":16,"typeOfSection":0,"mustHitSection":true},{"sectionNotes":[[11200,1,0],[11600,3,0],[12000,2,0],[12400,0,0],[12600,0,0]],"lengthInSteps":16,"typeOfSection":0,"mustHitSection":true},{"sectionNotes":[[12800,2,0],[13200,0,0],[13600,2,0],[14000,0,0]],"lengthInSteps":16,"typeOfSection":0,"mustHitSection":false},{"sectionNotes":[[14400,1,0],[14800,3,0],[15200,1,0],[15600,2,0]],"lengthInSteps":16,"typeOfSection":0,"mustHitSection":false},{"sectionNotes":[[16000,2,0],[16400,0,0],[16800,2,0],[17200,0,0]],"lengthInSteps":16,"typeOfSection":0,"mustHitSection":true},{"sectionNotes":[[17600,1,0],[18000,3,0],[18400,1,0],[18800,2,0],[18800,4,0]],"lengthInSteps":16,"typeOfSection":0,"mustHitSection":true},{"sectionNotes":[[20000,3,0],[20600,3,0],[19200,2,0],[19600,3,0],[20300,3,0],[19400,0,0]],"lengthInSteps":16,"typeOfSection":0,"mustHitSection":false},{"sectionNotes":[[20800,2,0],[21900,1,0],[22200,3,0],[21000,3,0],[21200,0,0],[21600,0,0]],"lengthInSteps":16,"typeOfSection":0,"mustHitSection":false},{"sectionNotes":[[23200,3,0],[23800,3,0],[22400,2,0],[22800,3,0],[23500,3,0],[22600,0,0]],"lengthInSteps":16,"typeOfSection":0,"mustHitSection":false},{"sectionNotes":[[24000,2,0],[25200,2,0],[24800,1,0],[25200,4,0],[24200,3,0],[24400,0,0]],"lengthInSteps":16,"typeOfSection":0,"mustHitSection":false},{"sectionNotes":[[26400,3,0],[27000,3,0],[25600,2,0],[26000,3,0],[26700,3,0],[25800,0,0]],"lengthInSteps":16,"typeOfSection":0,"mustHitSection":true},{"sectionNotes":[[27200,2,0],[28600,3,0],[28400,1,0],[27400,3,0],[27600,0,0],[28000,0,0]],"lengthInSteps":16,"typeOfSection":0,"mustHitSection":true},{"sectionNotes":[[29600,3,0],[30200,3,0],[28800,2,0],[29200,3,0],[29900,3,0],[29000,0,0]],"lengthInSteps":16,"typeOfSection":0,"mustHitSection":true},{"sectionNotes":[[30400,2,0],[31600,2,0],[31200,1,0],[31600,4,0],[30600,3,0],[30800,0,0]],"lengthInSteps":16,"typeOfSection":0,"mustHitSection":true},{"sectionNotes":[[32000,0,0],[32400,3,0],[32800,3,0],[33200,2,0]],"lengthInSteps":16,"typeOfSection":0,"mustHitSection":false},{"sectionNotes":[[33600,1,0],[34000,3,0],[34400,2,0],[34800,0,0],[35000,3,0]],"lengthInSteps":16,"typeOfSection":0,"mustHitSection":false},{"sectionNotes":[[35200,0,0],[35600,3,0],[36000,3,0],[36400,2,0]],"lengthInSteps":16,"typeOfSection":0,"mustHitSection":true},{"sectionNotes":[[36800,1,0],[37200,3,0],[37600,2,0],[38000,0,0],[38200,3,0]],"lengthInSteps":16,"typeOfSection":0,"mustHitSection":true},{"sectionNotes":[[38400,2,0],[38800,0,0],[39000,0,0],[39400,3,0],[39200,3,0],[39600,2,0]],"lengthInSteps":16,"typeOfSection":0,"mustHitSection":false},{"sectionNotes":[[40000,1,0],[40400,3,0],[40600,3,0],[41200,2,0],[41000,0,0],[40800,0,0]],"lengthInSteps":16,"typeOfSection":0,"mustHitSection":false},{"sectionNotes":[[41600,2,0],[42000,0,0],[42200,0,0],[42600,3,0],[42400,3,0],[42800,2,0]],"lengthInSteps":16,"typeOfSection":0,"mustHitSection":true},{"sectionNotes":[[43200,1,0],[43800,3,0],[44000,0,0],[44200,0,0],[44400,2,0],[44400,4,0],[44600,7,0],[43600,3,0]],"lengthInSteps":16,"typeOfSection":0,"mustHitSection":true},{"sectionNotes":[[45600,3,0],[46200,3,0],[44800,2,0],[45000,1,0],[45200,3,0],[45900,3,0]],"lengthInSteps":16,"typeOfSection":0,"mustHitSection":false},{"sectionNotes":[[46400,2,0],[46600,0,0],[46800,3,0],[47800,3,0],[47200,1,0],[47400,2,0],[47600,0,0]],"lengthInSteps":16,"typeOfSection":0,"mustHitSection":false},{"sectionNotes":[[48800,3,0],[49400,3,0],[48000,2,0],[48200,1,0],[48400,3,0],[49100,3,0]],"lengthInSteps":16,"typeOfSection":0,"mustHitSection":false},{"sectionNotes":[[49600,2,0],[50800,2,0],[50000,3,0],[50400,1,0],[50800,4,0],[49800,0,0],[51000,7,0]],"lengthInSteps":16,"typeOfSection":0,"mustHitSection":false},{"sectionNotes":[[52000,3,0],[52600,3,0],[51200,2,0],[51400,1,0],[51600,3,0],[52300,3,0]],"lengthInSteps":16,"typeOfSection":0,"mustHitSection":true},{"sectionNotes":[[52800,2,0],[53000,0,0],[53200,3,0],[54200,3,0],[53600,1,0],[53800,2,0],[54000,0,0]],"lengthInSteps":16,"typeOfSection":0,"mustHitSection":true},{"sectionNotes":[[55200,3,0],[55800,3,0],[54400,2,0],[54600,1,0],[54800,3,0],[55500,3,0]],"lengthInSteps":16,"typeOfSection":0,"mustHitSection":true},{"sectionNotes":[[56000,2,0],[56400,3,0],[56800,1,0],[56200,0,0]],"lengthInSteps":16,"typeOfSection":0,"mustHitSection":true},{"sectionNotes":[[57600,2,300],[58000,1,300],[58400,3,300],[58800,1,300]],"lengthInSteps":16,"typeOfSection":0,"mustHitSection":false},{"sectionNotes":[[60000,1,300],[59200,2,300],[59600,3,300],[60400,0,300]],"lengthInSteps":16,"typeOfSection":0,"mustHitSection":false},{"sectionNotes":[[61800,3,0],[60800,0,0],[61200,0,0],[62000,1,0]],"lengthInSteps":16,"typeOfSection":0,"mustHitSection":false},{"sectionNotes":[[63400,3,0],[62400,0,0],[62800,0,0],[63600,1,0]],"lengthInSteps":16,"typeOfSection":0,"mustHitSection":false},{"sectionNotes":[[64000,2,300],[64400,1,300],[64800,3,300],[65200,1,300]],"lengthInSteps":16,"typeOfSection":0,"mustHitSection":true},{"typeOfSection":0,"sectionNotes":[[66400,1,300],[65600,2,300],[66000,3,300],[66800,0,300]],"lengthInSteps":16,"bpm":150,"changeBPM":false,"mustHitSection":true},{"typeOfSection":0,"sectionNotes":[[68200,3,0],[67200,0,0],[67600,0,0],[68400,1,0]],"lengthInSteps":16,"bpm":150,"changeBPM":false,"mustHitSection":true},{"typeOfSection":0,"sectionNotes":[[69800,3,0],[69200,0,0],[68800,0,0],[70000,1,0],[68800,4,300],[69200,5,300],[69600,7,300],[70000,5,300]],"lengthInSteps":16,"bpm":150,"changeBPM":false,"mustHitSection":true},{"typeOfSection":0,"sectionNotes":[[70400,2,0],[71000,2,0],[71400,3,0],[71600,1,0],[70600,3,0]],"lengthInSteps":16,"bpm":150,"changeBPM":false,"mustHitSection":false},{"typeOfSection":0,"sectionNotes":[[72000,2,0],[72600,2,0],[73000,3,0],[72200,3,0],[73200,1,0]],"lengthInSteps":16,"bpm":150,"changeBPM":false,"mustHitSection":false},{"typeOfSection":0,"sectionNotes":[[73600,2,0],[74600,3,0],[73800,3,0],[74200,2,0],[74800,1,0],[75000,0,0]],"lengthInSteps":16,"bpm":150,"changeBPM":false,"mustHitSection":false},{"typeOfSection":0,"sectionNotes":[[75200,2,0],[75800,2,0],[76200,3,0],[75200,4,300],[75600,5,300],[76000,7,300],[75400,3,0],[76400,1,0],[76400,5,300]],"lengthInSteps":16,"bpm":157,"changeBPM":false,"mustHitSection":false},{"typeOfSection":0,"sectionNotes":[[76800,2,0],[77400,2,0],[77800,3,0],[78000,1,0],[77000,3,0]],"lengthInSteps":16,"bpm":150,"changeBPM":false,"mustHitSection":true},{"typeOfSection":0,"sectionNotes":[[78400,2,0],[79000,2,0],[79400,3,0],[78600,3,0],[79600,1,0]],"lengthInSteps":16,"bpm":150,"changeBPM":false,"mustHitSection":true},{"typeOfSection":0,"sectionNotes":[[80000,2,0],[81000,3,0],[80200,3,0],[80600,2,0],[81200,1,0],[81400,0,0]],"lengthInSteps":16,"bpm":150,"changeBPM":false,"mustHitSection":true},{"typeOfSection":0,"sectionNotes":[[81600,2,0],[82200,2,0],[82600,3,0],[81600,4,300],[82000,5,300],[82400,7,300],[81800,3,0],[82800,1,0],[82800,5,300]],"lengthInSteps":16,"bpm":150,"changeBPM":false,"mustHitSection":true},{"typeOfSection":0,"sectionNotes":[[83200,2,0],[83800,2,0],[84200,3,0],[84400,1,0],[83400,3,0]],"lengthInSteps":16,"bpm":150,"changeBPM":false,"mustHitSection":false},{"typeOfSection":0,"sectionNotes":[[84800,2,0],[85400,2,0],[85800,3,0],[85000,3,0],[86000,1,0]],"lengthInSteps":16,"bpm":150,"changeBPM":false,"mustHitSection":false},{"typeOfSection":0,"sectionNotes":[[86400,2,0],[87400,3,0],[86600,3,0],[87000,2,0],[87600,1,0],[87800,0,0]],"lengthInSteps":16,"bpm":150,"changeBPM":false,"mustHitSection":false},{"typeOfSection":0,"sectionNotes":[[88000,2,0],[88600,2,0],[89000,3,0],[88000,4,300],[88400,5,300],[88800,7,300],[88200,3,0],[89200,1,0],[89200,5,300]],"lengthInSteps":16,"bpm":150,"changeBPM":false,"mustHitSection":false},{"typeOfSection":0,"sectionNotes":[[89600,2,0],[90200,2,0],[90600,3,0],[90800,1,0],[89800,3,0]],"lengthInSteps":16,"bpm":150,"changeBPM":false,"mustHitSection":true},{"typeOfSection":0,"sectionNotes":[[91200,2,0],[91800,2,0],[92200,3,0],[91400,3,0],[92400,1,0]],"lengthInSteps":16,"bpm":150,"changeBPM":false,"mustHitSection":true},{"typeOfSection":0,"sectionNotes":[[92800,2,0],[93800,3,0],[93000,3,0],[93400,2,0],[94000,1,0],[94200,0,0]],"lengthInSteps":16,"bpm":150,"changeBPM":false,"mustHitSection":true},{"typeOfSection":0,"sectionNotes":[[94400,2,0],[95000,2,0],[95400,3,0],[94600,3,0],[95600,1,0]],"lengthInSteps":16,"bpm":150,"changeBPM":false,"mustHitSection":true},{"typeOfSection":0,"sectionNotes":[],"lengthInSteps":16,"bpm":150,"changeBPM":false,"mustHitSection":true},{"typeOfSection":0,"sectionNotes":[],"lengthInSteps":16,"bpm":150,"changeBPM":false,"mustHitSection":true},{"typeOfSection":0,"sectionNotes":[],"lengthInSteps":16,"bpm":150,"changeBPM":false,"mustHitSection":true},{"typeOfSection":0,"sectionNotes":[],"lengthInSteps":16,"bpm":150,"changeBPM":false,"mustHitSection":true},{"typeOfSection":0,"sectionNotes":[],"lengthInSteps":16,"bpm":150,"changeBPM":false,"mustHitSection":true},{"typeOfSection":0,"sectionNotes":[],"lengthInSteps":16,"bpm":150,"changeBPM":false,"mustHitSection":true},{"lengthInSteps":16,"typeOfSection":0,"sectionNotes":[],"altAnim":false,"bpm":150,"changeBPM":false,"mustHitSection":true},{"lengthInSteps":16,"typeOfSection":0,"sectionNotes":[],"altAnim":false,"bpm":150,"changeBPM":false,"mustHitSection":true},{"lengthInSteps":16,"typeOfSection":0,"sectionNotes":[],"altAnim":false,"bpm":150,"changeBPM":false,"mustHitSection":true},{"sectionNotes":[],"typeOfSection":0,"lengthInSteps":16,"altAnim":false,"mustHitSection":true,"changeBPM":false,"bpm":150},{"lengthInSteps":16,"altAnim":false,"typeOfSection":0,"sectionNotes":[],"bpm":150,"changeBPM":false,"mustHitSection":true},{"lengthInSteps":16,"altAnim":false,"typeOfSection":0,"sectionNotes":[],"bpm":150,"changeBPM":false,"mustHitSection":true}],"song":"Spookeez","validScore":true,"sections":0,"needsVoices":true,"speed":1,"bpm":150}} 
