{
  "song": {
    "song": "Ugh",
    "bpm": 160.0,
    "needsVoices": true,
    "player1": "bf",
    "player2": "tankman",
    "speed": 2.3,
    "notes": [
      {
        "lengthInSteps": 16,
        "mustHitSection": false,
        "sectionNotes": [
          [0.0, 3, 0.0],
          [187.5, 3, 0.0],
          [375.0, 0, 93.75],
          [562.5, 3, 0.0],
          [750.0, 2, 93.75],
          [937.5, 3, 0.0],
          [1125.0, 0, 93.75],
          [1312.5, 2, 0.0],
          [1406.25, 2, 0.0]
        ]
      },
      {
        "lengthInSteps": 16,
        "mustHitSection": false,
        "sectionNotes": [
          [1500.0, 3, 0.0],
          [1593.75, 2, 0.0],
          [1687.5, 3, 0.0],
          [1781.25, 1, 0.0],
          [1875.0, 0, 0.0],
          [1968.75, 1, 0.0],
          [2062.5, 0, 93.75],
          [2250.0, 1, 281.25],
          [2625.0, 3, 281.25]
        ]
      },
      {
        "lengthInSteps": 16,
        "mustHitSection": false,
        "sectionNotes": [
          [3000.0, 3, 0.0],
          [3187.5, 3, 0.0],
          [3375.0, 0, 93.75],
          [3562.5, 3, 0.0],
          [3750.0, 2, 93.75],
          [3937.5, 3, 0.0],
          [4125.0, 1, 281.25]
        ]
      },
      {
        "lengthInSteps": 16,
        "mustHitSection": false,
        "sectionNotes": [
          [4500.0, 3, 0.0],
          [4687.5, 2, 0.0],
          [4875.0, 1, 0.0],
          [5062.5, 0, 0.0],
          [5250.0, 3, 281.25],
          [5625.0, 2, 0.0, true]
        ]
      },
      {
        "lengthInSteps": 16,
        "mustHitSection": true,
        "sectionNotes": [
          [6000.0, 3, 0.0],
          [6187.5, 3, 0.0],
          [6375.0, 0, 93.75],
          [6562.5, 3, 0.0],
          [6750.0, 2, 93.75],
          [6937.5, 3, 0.0],
          [7125.0, 0, 93.75],
          [7312.5, 2, 0.0],
          [7406.25, 2, 0.0]
        ]
      },
      {
        "lengthInSteps": 16,
        "mustHitSection": true,
        "sectionNotes": [
          [7500.0, 3, 0.0],
          [7593.75, 2, 0.0],
          [7687.5, 3, 0.0],
          [7781.25, 1, 0.0],
          [7875.0, 0, 0.0],
          [7968.75, 1, 0.0],
          [8062.5, 0, 93.75],
          [8250.0, 1, 281.25],
          [8625.0, 3, 281.25]
        ]
      },
      {
        "lengthInSteps": 16,
        "mustHitSection": true,
        "sectionNotes": [
          [9000.0, 3, 0.0],
          [9187.5, 3, 0.0],
          [9375.0, 0, 93.75],
          [9562.5, 3, 0.0],
          [9750.0, 2, 93.75],
          [9937.5, 3, 0.0],
          [10125.0, 1, 281.25]
        ]
      },
      {
        "lengthInSteps": 16,
        "mustHitSection": true,
        "sectionNotes": [
          [10500.0, 3, 0.0],
          [10687.5, 2, 0.0],
          [10875.0, 1, 0.0],
          [11062.5, 0, 0.0],
          [11250.0, 3, 281.25],
          [11625.0, 1, 281.25]
        ]
      },
      {
        "lengthInSteps": 16,
        "mustHitSection": false,
        "sectionNotes": [
          [12000.0, 3, 0.0],
          [12093.75, 3, 0.0],
          [12187.5, 1, 0.0],
          [12375.0, 0, 0.0],
          [12562.5, 1, 0.0],
          [12750.0, 0, 0.0],
          [12843.75, 1, 0.0],
          [12937.5, 3, 0.0],
          [13031.25, 1, 0.0],
          [13125.0, 0, 93.75],
          [13312.5, 1, 0.0]
        ]
      },
      {
        "lengthInSteps": 16,
        "mustHitSection": false,
        "sectionNotes": [
          [13500.0, 3, 93.75],
          [13687.5, 1, 0.0],
          [13875.0, 3, 93.75],
          [14062.5, 0, 0.0],
          [14250.0, 2, 0.0],
          [14437.5, 3, 0.0],
          [14625.0, 0, 0.0],
          [14812.5, 3, 0.0]
        ]
      },
      {
        "lengthInSteps": 16,
        "mustHitSection": false,
        "sectionNotes": [
          [15000.0, 3, 0.0],
          [15187.5, 3, 0.0],
          [15281.25, 2, 0.0],
          [15375.0, 3, 0.0],
          [15562.5, 2, 0.0],
          [15656.25, 1, 0.0],
          [15750.0, 2, 0.0],
          [15937.5, 1, 0.0],
          [16031.25, 0, 0.0],
          [16125.0, 1, 0.0],
          [16312.5, 0, 0.0]
        ]
      },
      {
        "lengthInSteps": 16,
        "mustHitSection": false,
        "sectionNotes": [
          [16500.0, 1, 93.75],
          [16687.5, 2, 93.75],
          [16875.0, 3, 93.75],
          [17062.5, 0, 93.75],
          [17250.0, 1, 93.75],
          [17437.5, 0, 0.0],
          [17531.25, 1, 0.0],
          [17625.0, 3, 93.75],
          [17812.5, 0, 0.0]
        ]
      },
      {
        "lengthInSteps": 16,
        "mustHitSection": true,
        "sectionNotes": [
          [18000.0, 3, 0.0],
          [18000.0, 7, 281.25],
          [18093.75, 3, 0.0],
          [18187.5, 1, 0.0],
          [18375.0, 0, 0.0],
          [18562.5, 1, 0.0],
          [18750.0, 0, 0.0],
          [18843.75, 1, 0.0],
          [18937.5, 3, 0.0],
          [19031.25, 1, 0.0],
          [19125.0, 0, 93.75],
          [19312.5, 1, 0.0]
        ]
      },
      {
        "lengthInSteps": 16,
        "mustHitSection": true,
        "sectionNotes": [
          [19500.0, 3, 93.75],
          [19687.5, 1, 0.0],
          [19875.0, 3, 93.75],
          [20062.5, 0, 0.0],
          [20250.0, 2, 0.0],
          [20437.5, 3, 0.0],
          [20625.0, 0, 0.0],
          [20812.5, 3, 0.0]
        ]
      },
      {
        "lengthInSteps": 16,
        "mustHitSection": true,
        "sectionNotes": [
          [21000.0, 3, 0.0],
          [21187.5, 3, 0.0],
          [21281.25, 2, 0.0],
          [21375.0, 3, 0.0],
          [21562.5, 2, 0.0],
          [21656.25, 1, 0.0],
          [21750.0, 2, 0.0],
          [21937.5, 1, 0.0],
          [22031.25, 0, 0.0],
          [22125.0, 1, 0.0],
          [22312.5, 0, 0.0]
        ]
      },
      {
        "lengthInSteps": 16,
        "mustHitSection": true,
        "sectionNotes": [
          [22500.0, 1, 93.75],
          [22687.5, 2, 93.75],
          [22875.0, 3, 93.75],
          [23062.5, 0, 93.75],
          [23250.0, 1, 93.75],
          [23437.5, 0, 0.0],
          [23531.25, 1, 0.0],
          [23625.0, 3, 93.75],
          [23812.5, 0, 0.0]
        ]
      },
      {
        "lengthInSteps": 16,
        "mustHitSection": false,
        "sectionNotes": [
          [24000.0, 1, 0.0],
          [24000.0, 7, 281.25],
          [24093.75, 0, 0.0],
          [24187.5, 1, 0.0],
          [24281.25, 2, 0.0],
          [24375.0, 3, 0.0],
          [24562.5, 1, 0.0],
          [24656.25, 0, 0.0],
          [24750.0, 1, 0.0],
          [24843.75, 2, 0.0],
          [24937.5, 3, 0.0],
          [25125.0, 1, 0.0],
          [25218.75, 0, 0.0],
          [25312.5, 1, 0.0],
          [25406.25, 2, 0.0]
        ]
      },
      {
        "lengthInSteps": 16,
        "mustHitSection": false,
        "sectionNotes": [
          [25500.0, 3, 0.0],
          [25687.5, 1, 0.0],
          [25781.25, 0, 0.0],
          [25875.0, 1, 0.0],
          [25968.75, 2, 0.0],
          [26062.5, 3, 93.75],
          [26250.0, 0, 281.25],
          [26625.0, 1, 93.75],
          [26812.5, 3, 93.75]
        ]
      },
      {
        "lengthInSteps": 16,
        "mustHitSection": true,
        "sectionNotes": [
          [27000.0, 1, 0.0],
          [27000.0, 5, 281.25],
          [27093.75, 0, 0.0],
          [27187.5, 1, 0.0],
          [27281.25, 2, 0.0],
          [27375.0, 3, 0.0],
          [27375.0, 6, 281.25],
          [27562.5, 1, 0.0],
          [27656.25, 0, 0.0],
          [27750.0, 1, 0.0],
          [27750.0, 7, 281.25],
          [27843.75, 2, 0.0],
          [27937.5, 3, 0.0],
          [28125.0, 1, 0.0],
          [28125.0, 5, 281.25],
          [28218.75, 0, 0.0],
          [28312.5, 1, 0.0],
          [28406.25, 2, 0.0]
        ]
      },
      {
        "lengthInSteps": 16,
        "mustHitSection": true,
        "sectionNotes": [
          [28500.0, 3, 0.0],
          [28500.0, 4, 281.25],
          [28687.5, 1, 0.0],
          [28781.25, 0, 0.0],
          [28875.0, 1, 0.0],
          [28875.0, 5, 281.25],
          [28968.75, 2, 0.0],
          [29062.5, 3, 93.75],
          [29250.0, 0, 281.25],
          [29250.0, 7, 281.25],
          [29625.0, 1, 93.75],
          [29625.0, 7, 281.25],
          [29812.5, 3, 93.75]
        ]
      },
      {
        "lengthInSteps": 16,
        "mustHitSection": false,
        "sectionNotes": [
          [30000.0, 5, 656.25],
          [30000.0, 0, 93.75],
          [30187.5, 1, 0.0],
          [30281.25, 2, 0.0],
          [30375.0, 3, 0.0],
          [30562.5, 0, 93.75],
          [30750.0, 1, 0.0],
          [30843.75, 2, 0.0],
          [30937.5, 3, 0.0],
          [31125.0, 0, 93.75],
          [31312.5, 1, 0.0],
          [31406.25, 2, 0.0]
        ]
      },
      {
        "lengthInSteps": 16,
        "mustHitSection": false,
        "sectionNotes": [
          [31500.0, 3, 0.0],
          [31687.5, 0, 93.75],
          [31875.0, 0, 0.0],
          [31968.75, 1, 0.0],
          [32062.5, 2, 93.75],
          [32250.0, 1, 281.25],
          [32625.0, 3, 281.25]
        ]
      },
      {
        "lengthInSteps": 16,
        "mustHitSection": true,
        "sectionNotes": [
          [33000.0, 0, 93.75],
          [33000.0, 5, 281.25],
          [33187.5, 1, 0.0],
          [33281.25, 2, 0.0],
          [33375.0, 3, 0.0],
          [33375.0, 6, 281.25],
          [33562.5, 0, 93.75],
          [33750.0, 1, 0.0],
          [33750.0, 7, 281.25],
          [33843.75, 2, 0.0],
          [33937.5, 3, 0.0],
          [34125.0, 0, 93.75],
          [34125.0, 5, 281.25],
          [34312.5, 1, 0.0],
          [34406.25, 2, 0.0]
        ]
      },
      {
        "lengthInSteps": 16,
        "mustHitSection": true,
        "sectionNotes": [
          [34500.0, 3, 0.0],
          [34500.0, 4, 281.25],
          [34687.5, 0, 93.75],
          [34875.0, 0, 0.0],
          [34875.0, 5, 281.25],
          [34968.75, 1, 0.0],
          [35062.5, 2, 93.75],
          [35250.0, 1, 281.25],
          [35250.0, 7, 281.25],
          [35625.0, 3, 281.25],
          [35625.0, 7, 281.25]
        ]
      },
      {
        "lengthInSteps": 16,
        "mustHitSection": false,
        "sectionNotes": [
          [36000.0, 3, 0.0],
          [36000.0, 5, 468.75],
          [36187.5, 3, 0.0],
          [36375.0, 2, 93.75],
          [36562.5, 3, 0.0],
          [36750.0, 1, 93.75],
          [36937.5, 3, 0.0],
          [37125.0, 0, 93.75],
          [37312.5, 2, 0.0],
          [37406.25, 2, 0.0]
        ]
      },
      {
        "lengthInSteps": 16,
        "mustHitSection": false,
        "sectionNotes": [
          [37500.0, 3, 0.0],
          [37593.75, 2, 0.0],
          [37687.5, 3, 0.0],
          [37781.25, 1, 0.0],
          [37875.0, 0, 0.0],
          [37968.75, 1, 0.0],
          [38062.5, 0, 93.75],
          [38250.0, 1, 281.25],
          [38625.0, 3, 281.25]
        ]
      },
      {
        "lengthInSteps": 16,
        "mustHitSection": false,
        "sectionNotes": [
          [39000.0, 3, 0.0],
          [39187.5, 3, 0.0],
          [39375.0, 2, 93.75],
          [39562.5, 3, 0.0],
          [39750.0, 1, 93.75],
          [39937.5, 3, 0.0],
          [40125.0, 0, 281.25]
        ]
      },
      {
        "lengthInSteps": 16,
        "mustHitSection": false,
        "sectionNotes": [
          [40500.0, 0, 0.0],
          [40687.5, 1, 0.0],
          [40875.0, 2, 0.0],
          [41062.5, 3, 0.0],
          [41250.0, 0, 281.25],
          [41625.0, 2, 0.0, true]
        ]
      },
      {
        "lengthInSteps": 16,
        "mustHitSection": true,
        "sectionNotes": [
          [42000.0, 3, 0.0],
          [42187.5, 3, 0.0],
          [42375.0, 2, 93.75],
          [42562.5, 3, 0.0],
          [42750.0, 1, 93.75],
          [42937.5, 3, 0.0],
          [43125.0, 0, 93.75],
          [43312.5, 2, 0.0],
          [43406.25, 2, 0.0]
        ]
      },
      {
        "lengthInSteps": 16,
        "mustHitSection": true,
        "sectionNotes": [
          [43500.0, 3, 0.0],
          [43593.75, 2, 0.0],
          [43687.5, 3, 0.0],
          [43781.25, 1, 0.0],
          [43875.0, 0, 0.0],
          [43968.75, 1, 0.0],
          [44062.5, 0, 93.75],
          [44250.0, 1, 281.25],
          [44625.0, 3, 281.25]
        ]
      },
      {
        "lengthInSteps": 16,
        "mustHitSection": true,
        "sectionNotes": [
          [45000.0, 3, 0.0],
          [45187.5, 3, 0.0],
          [45375.0, 2, 93.75],
          [45562.5, 3, 0.0],
          [45750.0, 1, 93.75],
          [45937.5, 3, 0.0],
          [46125.0, 0, 281.25]
        ]
      },
      {
        "lengthInSteps": 16,
        "mustHitSection": true,
        "sectionNotes": [
          [46500.0, 0, 0.0],
          [46687.5, 1, 0.0],
          [46875.0, 2, 0.0],
          [47062.5, 3, 0.0],
          [47250.0, 0, 281.25],
          [47625.0, 1, 281.25]
        ]
      },
      {
        "lengthInSteps": 16,
        "mustHitSection": false,
        "sectionNotes": [
          [48000.0, 1, 0.0],
          [48093.75, 0, 0.0],
          [48187.5, 1, 0.0],
          [48281.25, 2, 0.0],
          [48375.0, 3, 0.0],
          [48562.5, 1, 0.0],
          [48656.25, 0, 0.0],
          [48750.0, 1, 0.0],
          [48843.75, 2, 0.0],
          [48937.5, 3, 0.0],
          [49125.0, 2, 0.0, true]
        ]
      },
      {
        "lengthInSteps": 16,
        "mustHitSection": false,
        "sectionNotes": [
          [49500.0, 3, 93.75],
          [49687.5, 1, 0.0],
          [49875.0, 3, 93.75],
          [50062.5, 0, 0.0],
          [50250.0, 2, 0.0],
          [50437.5, 3, 0.0],
          [50625.0, 0, 0.0],
          [50812.5, 3, 0.0]
        ]
      },
      {
        "lengthInSteps": 16,
        "mustHitSection": false,
        "sectionNotes": [
          [51000.0, 3, 0.0],
          [51187.5, 3, 0.0],
          [51281.25, 2, 0.0],
          [51375.0, 3, 0.0],
          [51562.5, 2, 0.0],
          [51656.25, 1, 0.0],
          [51750.0, 2, 0.0],
          [51937.5, 1, 0.0],
          [52031.25, 0, 0.0],
          [52125.0, 1, 0.0],
          [52312.5, 0, 0.0]
        ]
      },
      {
        "lengthInSteps": 16,
        "mustHitSection": false,
        "sectionNotes": [
          [52500.0, 1, 93.75],
          [52687.5, 2, 93.75],
          [52875.0, 3, 93.75],
          [53062.5, 0, 93.75],
          [53250.0, 1, 93.75],
          [53437.5, 0, 0.0],
          [53531.25, 1, 0.0],
          [53625.0, 3, 93.75],
          [53812.5, 0, 0.0]
        ]
      },
      {
        "lengthInSteps": 16,
        "mustHitSection": true,
        "sectionNotes": [
          [54000.0, 1, 0.0],
          [54000.0, 7, 281.25],
          [54093.75, 0, 0.0],
          [54187.5, 1, 0.0],
          [54281.25, 2, 0.0],
          [54375.0, 3, 0.0],
          [54562.5, 1, 0.0],
          [54656.25, 0, 0.0],
          [54750.0, 1, 0.0],
          [54843.75, 2, 0.0],
          [54937.5, 3, 0.0],
          [55125.0, 1, 281.25]
        ]
      },
      {
        "lengthInSteps": 16,
        "mustHitSection": true,
        "sectionNotes": [
          [55500.0, 3, 93.75],
          [55687.5, 1, 0.0],
          [55875.0, 3, 93.75],
          [56062.5, 0, 0.0],
          [56250.0, 2, 0.0],
          [56437.5, 3, 0.0],
          [56625.0, 0, 0.0],
          [56812.5, 3, 0.0]
        ]
      },
      {
        "lengthInSteps": 16,
        "mustHitSection": true,
        "sectionNotes": [
          [57000.0, 3, 0.0],
          [57187.5, 3, 0.0],
          [57281.25, 2, 0.0],
          [57375.0, 3, 0.0],
          [57562.5, 2, 0.0],
          [57656.25, 1, 0.0],
          [57750.0, 2, 0.0],
          [57937.5, 1, 0.0],
          [58031.25, 0, 0.0],
          [58125.0, 1, 0.0],
          [58312.5, 0, 0.0]
        ]
      },
      {
        "lengthInSteps": 16,
        "mustHitSection": true,
        "sectionNotes": [
          [58500.0, 1, 93.75],
          [58687.5, 2, 93.75],
          [58875.0, 3, 93.75],
          [59062.5, 0, 93.75],
          [59250.0, 1, 93.75],
          [59437.5, 0, 0.0],
          [59531.25, 1, 0.0],
          [59625.0, 3, 93.75],
          [59812.5, 0, 0.0]
        ]
      },
      {
        "lengthInSteps": 16,
        "mustHitSection": false,
        "sectionNotes": [
          [60000.0, 3, 0.0],
          [60000.0, 7, 281.25],
          [60093.75, 3, 0.0],
          [60187.5, 1, 0.0],
          [60375.0, 0, 0.0],
          [60562.5, 1, 0.0],
          [60750.0, 0, 0.0],
          [60843.75, 1, 0.0],
          [60937.5, 3, 0.0],
          [61031.25, 1, 0.0],
          [61125.0, 0, 93.75],
          [61312.5, 1, 0.0]
        ]
      },
      {
        "lengthInSteps": 16,
        "mustHitSection": false,
        "sectionNotes": [
          [61500.0, 3, 93.75],
          [61687.5, 1, 0.0],
          [61875.0, 3, 93.75],
          [62062.5, 0, 0.0],
          [62250.0, 2, 0.0],
          [62437.5, 3, 0.0],
          [62625.0, 0, 0.0],
          [62812.5, 3, 0.0]
        ]
      },
      {
        "lengthInSteps": 16,
        "mustHitSection": false,
        "sectionNotes": [
          [63000.0, 3, 0.0],
          [63187.5, 3, 0.0],
          [63281.25, 2, 0.0],
          [63375.0, 3, 0.0],
          [63562.5, 2, 0.0],
          [63656.25, 1, 0.0],
          [63750.0, 2, 0.0],
          [63937.5, 1, 0.0],
          [64031.25, 0, 0.0],
          [64125.0, 1, 0.0],
          [64312.5, 0, 0.0]
        ]
      },
      {
        "lengthInSteps": 16,
        "mustHitSection": false,
        "sectionNotes": [
          [64500.0, 1, 93.75],
          [64687.5, 2, 93.75],
          [64875.0, 3, 93.75],
          [65062.5, 0, 93.75],
          [65250.0, 1, 93.75],
          [65437.5, 0, 0.0],
          [65531.25, 1, 0.0],
          [65625.0, 3, 93.75],
          [65812.5, 0, 0.0]
        ]
      },
      {
        "lengthInSteps": 16,
        "mustHitSection": true,
        "sectionNotes": [
          [66000.0, 3, 0.0],
          [66000.0, 7, 281.25],
          [66093.75, 3, 0.0],
          [66187.5, 1, 0.0],
          [66375.0, 0, 0.0],
          [66562.5, 1, 0.0],
          [66750.0, 0, 0.0],
          [66843.75, 1, 0.0],
          [66937.5, 3, 0.0],
          [67031.25, 1, 0.0],
          [67125.0, 0, 93.75],
          [67312.5, 1, 0.0]
        ]
      },
      {
        "lengthInSteps": 16,
        "mustHitSection": true,
        "sectionNotes": [
          [67500.0, 3, 93.75],
          [67687.5, 1, 0.0],
          [67875.0, 3, 93.75],
          [68062.5, 0, 0.0],
          [68250.0, 2, 0.0],
          [68437.5, 3, 0.0],
          [68625.0, 0, 0.0],
          [68812.5, 3, 0.0]
        ]
      },
      {
        "lengthInSteps": 16,
        "mustHitSection": true,
        "sectionNotes": [
          [69000.0, 3, 0.0],
          [69187.5, 3, 0.0],
          [69281.25, 2, 0.0],
          [69375.0, 3, 0.0],
          [69562.5, 2, 0.0],
          [69656.25, 1, 0.0],
          [69750.0, 2, 0.0],
          [69937.5, 1, 0.0],
          [70031.25, 0, 0.0],
          [70125.0, 1, 0.0],
          [70312.5, 0, 0.0]
        ]
      },
      {
        "lengthInSteps": 16,
        "mustHitSection": true,
        "sectionNotes": [
          [70500.0, 1, 93.75],
          [70687.5, 2, 93.75],
          [70875.0, 3, 93.75],
          [71062.5, 0, 93.75],
          [71250.0, 1, 93.75],
          [71437.5, 0, 0.0],
          [71531.25, 1, 0.0],
          [71625.0, 3, 93.75],
          [71812.5, 0, 0.0]
        ]
      },
      {
        "lengthInSteps": 16,
        "mustHitSection": false,
        "sectionNotes": [
          [72000.0, 7, 281.25],
          [72000.0, 3, 0.0],
          [72187.5, 3, 0.0],
          [72375.0, 2, 93.75],
          [72562.5, 3, 0.0],
          [72750.0, 1, 93.75],
          [72937.5, 3, 0.0],
          [73125.0, 0, 93.75],
          [73312.5, 2, 0.0],
          [73406.25, 2, 0.0]
        ]
      },
      {
        "lengthInSteps": 16,
        "mustHitSection": false,
        "sectionNotes": [
          [73500.0, 3, 0.0],
          [73593.75, 2, 0.0],
          [73687.5, 3, 0.0],
          [73781.25, 1, 0.0],
          [73875.0, 0, 0.0],
          [73968.75, 1, 0.0],
          [74062.5, 0, 93.75],
          [74250.0, 1, 281.25],
          [74625.0, 3, 281.25]
        ]
      },
      {
        "lengthInSteps": 16,
        "mustHitSection": false,
        "sectionNotes": [
          [75000.0, 3, 0.0],
          [75187.5, 3, 0.0],
          [75375.0, 2, 93.75],
          [75562.5, 3, 0.0],
          [75750.0, 1, 93.75],
          [75937.5, 3, 0.0],
          [76125.0, 0, 281.25]
        ]
      },
      {
        "lengthInSteps": 16,
        "mustHitSection": false,
        "sectionNotes": [
          [76500.0, 0, 0.0],
          [76687.5, 1, 0.0],
          [76875.0, 2, 0.0],
          [77062.5, 3, 0.0],
          [77250.0, 0, 281.25],
          [77625.0, 2, 0.0, true]
        ]
      },
      {
        "lengthInSteps": 16,
        "mustHitSection": true,
        "sectionNotes": [
          [78000.0, 3, 0.0],
          [78187.5, 3, 0.0],
          [78375.0, 2, 93.75],
          [78562.5, 3, 0.0],
          [78750.0, 1, 93.75],
          [78937.5, 3, 0.0],
          [79125.0, 0, 93.75],
          [79312.5, 2, 0.0],
          [79406.25, 2, 0.0]
        ]
      },
      {
        "lengthInSteps": 16,
        "mustHitSection": true,
        "sectionNotes": [
          [79500.0, 3, 0.0],
          [79593.75, 2, 0.0],
          [79687.5, 3, 0.0],
          [79781.25, 1, 0.0],
          [79875.0, 0, 0.0],
          [79968.75, 1, 0.0],
          [80062.5, 0, 93.75],
          [80250.0, 1, 281.25],
          [80625.0, 3, 281.25]
        ]
      },
      {
        "lengthInSteps": 16,
        "mustHitSection": true,
        "sectionNotes": [
          [81000.0, 3, 0.0],
          [81187.5, 3, 0.0],
          [81375.0, 2, 93.75],
          [81562.5, 3, 0.0],
          [81750.0, 1, 93.75],
          [81937.5, 3, 0.0],
          [82125.0, 0, 281.25]
        ]
      },
      {
        "lengthInSteps": 16,
        "mustHitSection": true,
        "sectionNotes": [
          [82500.0, 0, 0.0],
          [82687.5, 1, 0.0],
          [82875.0, 2, 0.0],
          [83062.5, 3, 0.0],
          [83250.0, 0, 281.25],
          [83625.0, 1, 281.25]
        ]
      },
      { "lengthInSteps": 16, "mustHitSection": true, "sectionNotes": [] },
      { "lengthInSteps": 16, "mustHitSection": true, "sectionNotes": [] }
    ]
  },
  "generatedBy": "SNIFF ver.6"
}
