{
  "songs": [
    ["tutorial selected","Tutorial"],
    ["WEEK1 select", "Bopeebo", "Fresh","Dadbattle"],
    ["week2 select", "Spookeez", "South", "Monster"],
    ["Week 3 press", "Pico", "Philly", "Blammed"],
    ["Week 4 press", "Satin-Panties", "High", "Milf"],
    ["week 5", "Cocoa", "Eggnog", "Winter-Horrorland"],
    ["Week 6", "Senpai", "Roses", "Thorns"]
  ],
  "weekNames": [
    "Learnin' How To Rap",
    "Daddy Dearest",
    "Spooky Month",
    "PICO",
    "MOMMY MUST MURDER",
    "RED SNOW",
    "hating simulator ft. moawling",
    "TANKMAN"
  ],
  "characters": [
    ["dad", "bf", "gf"],
    ["dad", "bf", "gf"],
    ["spooky", "bf", "gf"],
    ["pico", "bf", "gf"],
    ["mom", "bf", "gf"],
    ["parents-christmas", "bf", "gf"],
    ["senpai", "bf", "gf"]
  ],
  "weeks": [
    {
      "songs": ["Tutorial"],
      "name": "Learnin' How To Rap",
      "animation": "tutorial selected",
      // bf and gf default to regular values,
      // but for examples sake i include them here
      "dad": "dad",
      "bf": "bf",
      "gf": "gf"
    },
    {
      "songs": ["Bopeebo", "Fresh", "Dadbattle"],
      "name": "Daddy Dearest",
      "animation": "WEEK1 select",
      "dad": "dad"
    },
    {
      "songs": ["Spookeez", "South", "Monster"],
      "animation": "week2 select",
      "name": "Spooky Month",
      "dad": "spooky"
    },
    {
      "songs": ["Pico", "Philly", "Blammed"],
      "animation": "Week 3 press",
      "name": "PICO",
      "dad": "pico"
    },
    {
      "songs": ["Satin-Panties", "High", "Milf"],
      "animation": "Week 4 press",
      "name": "MOMMY MUST MURDER",
      "dad": "mom"
    },
    {
      "songs": ["Cocoa", "Eggnog", "Winter-Horrorland"],
      "animation": "week 5",
      "name": "RED SNOW",
      "dad": "parents-christmas"
    },
    {
      "songs": ["Senpai", "Roses", "Thorns"],
      "animation": "Week 6",
      "name": "hating simulator ft. maowling",
      "dad": "senpai"
    }

  ],
  // version 2 uses weeks one
  // version 1 uses old system...
  // i think version 2 is more intutive
  "version": 2
}
